S01;Albert;albert123;2003-01-01;Male;0123456789;chong@gmail.com;2024-02-12;CP1;L01;Alfred;L05;Micheal;src/main/resources/com/img/6.png
S02;Dream;dream123;2003-01-01;Male;0123456789;chong@gmail.com;2024-05-28;CP1;L03;Peter;L04;Amy;src/main/resources/com/img/7.png
S03;Samanda;samanda123;2003-01-01;Female;0123456789;chong@gmail.com;2024-06-30;CP1;L04;Amy;L01;Alfred;src/main/resources/com/img/8.png
S04;Marry;marry123;2003-01-01;Female;0123456789;chong@gmail.com;2024-08-29;CP1;L05;Micheal;L02;Olivia;src/main/resources/com/img/9.png
S05;Katherine;katherine123;2003-01-01;Female;0123456789;chong@gmail.com;2024-11-24;CP1;L02;Olivia;L03;Peter;src/main/resources/com/img/10.png
S6;test;test;2005-06-01;Male;test;test;2024-05-13;null;null;null;null;null;src/main/resources/com/img/5.png
